id;drawing_number;drawing_issue;url_path
1;Philippine Peso parsing Triple-buffered;deposit Rand Namibia Dollar;Branding
2;Handcrafted Rubber Sausages;Towels Mississippi Product;Metal
3;complexity Direct Administrator;online program Refined Granite Gloves;quantifying Baby
4;one-to-one Connecticut;Unbranded Tugrik;models streamline
5;projection Maldives;withdrawal alarm Timor-Leste;Personal Loan Account Inverse
6;Track;Books CSS Holy See (Vatican City State);Data Tasty Steel Pants Licensed Steel Shirt
7;Manor;Utah zero defect;bypass e-services
8;Russian Federation program;Practical;emulation SQL
9;Persevering Gorgeous Steel Salad Associate;Fantastic whiteboard;lavender
10;neural Cloned Massachusetts;SCSI Communications Underpass;Officer parse
