id;url_path;name;last_modified_date;size;type;task_id;nonconformance_details_id;progress_track_id
1;mobile Fish;Home Loan Account Table Computer;2019-12-20T17:41:19;45924;seamless Metal deposit;5641;96990;72199
2;Implementation Electronics Officer;methodology Albania;2019-12-20T08:42:58;2306;Namibia;39986;13949;4666
3;Coordinator;Common;2019-12-20T00:14:19;61838;syndicate;98323;59241;46676
4;HDD;Table Small Frozen Sausages Planner;2019-12-19T23:40:53;38541;Music;23089;68423;24102
5;Bahamian Dollar Investment Account;Games Regional Digitized;2019-12-20T03:10:56;75536;convergence;20794;54671;56770
6;Industrial;connect Markets Chief;2019-12-20T04:43:59;72727;archive Georgia Aruba;96117;32533;84453
7;compress South Georgia and the South Sandwich Islands;compelling mission-critical;2019-12-20T06:03:29;27599;scalable;16526;7455;1563
8;deliverables reinvent 24 hour;overriding;2019-12-20T02:07:05;71134;1080p Checking Account Identity;65107;11586;91495
9;generating Highway Ergonomic;moratorium moratorium;2019-12-20T01:34:20;59129;tangible Mississippi;38292;11959;97171
10;synthesizing hard drive Robust;Avon;2019-12-20T06:32:14;71066;Small partnerships;20171;3142;89576
