id;version_number;version_status;issue_number
1;Intuitive;quantifying Phased connecting;Automated
2;architect;lavender;copying primary invoice
3;EXE;Personal Loan Account Chile foreground;connect Zimbabwe Dollar
4;Forward;Pre-emptive Reduced;Kids Customer
5;Practical AI didactic;Tunnel;Configuration
6;Jewelery monitoring Infrastructure;Gorgeous ROI implement;Saint Helena Pound
7;Borders;Integration;Bond Markets Units European Composite Unit (EURCO)
8;Facilitator;Cambridgeshire;Borders Internal
9;open-source Ouguiya;AGP circuit;optical deposit
10;Pizza Fish next-generation;UIC-Franc;Generic El Salvador Colon US Dollar purple
