id;name;email;phone;address_line_1;address_line_2;city;country;postcode;company_logo;company_logo_content_type;overhead_rate;linkedin;facebook;twitter;website
1;mobile Fish;"zz@fYl<U.HXq";004.836.1760;Producer;Implementation Electronics Officer;Elliottstad;Madagascar;web-readiness;../fake-data/blob/hipster.png;image/png;29122;Investment Account Steel;Coordinator;Common;Savings Account syndicate Planner
2;Refined Rubber Chicken Table;"AS^_)@I$!.Huv5";330-026-2461 x64801;incentivize Tuna copy;Costa Rica Mayotte;North Wadehaven;San Marino;Markets Chief;../fake-data/blob/hipster.png;image/png;59789;National Awesome sky blue;Tactics;scale interactive generating;Specialist Home Loan Account
3;Plastic;"QP&u@jKw.nN3#";731-200-8177 x777;Unbranded Plastic Tuna Frozen;generating Highway Ergonomic;West Marcella;Ghana;pixel withdrawal;../fake-data/blob/hipster.png;image/png;88721;Junction Frozen;synthesizing hard drive Robust;Avon;system Small
4;Intelligent Outdoors;"fUXF@To.l+N";(912) 645-7229 x0526;JSON;virtual deposit;Klockofort;Cuba;e-business;../fake-data/blob/hipster.png;image/png;88328;projection Fresh;support Gorgeous;withdrawal;copying
5;ability Hat Iraq;"R@l~Q.Lj";1-291-325-5743;Engineer;Exclusive Moroccan Dirham card;East Zoetown;Estonia;Analyst paradigms;../fake-data/blob/hipster.png;image/png;3305;ubiquitous;Public-key Granite;Way Dominican Republic;Bulgarian Lev navigate
6;Re-contextualized;"PKt*'@<f.\";358-078-1351 x6085;Algerian Dinar;firewall;Faheyborough;Niger;Sausages;../fake-data/blob/hipster.png;image/png;69093;synthesize Creative;Forint;Concrete Global SMS;Profound
7;parsing;"Il-L8@&.X#;3";098.598.6132 x37788;AI optical invoice;Marketing;Treutelfurt;Mozambique;Tools Unbranded;../fake-data/blob/hipster.png;image/png;66350;Home Gloves Latvia;Ports Manager Fish;Networked;Fish
8;payment calculating;"0*v@G].4W~c";1-362-225-9934 x896;cross-platform Borders;Libyan Dinar CSS;Lake Jessyburgh;Mexico;calculate;../fake-data/blob/hipster.png;image/png;4360;Representative;Response Human;back up Factors;architectures
9;Wisconsin Facilitator Incredible;"5@v|S%.Mp,[{";(135) 398-6950 x026;Director Concrete Bedfordshire;portal calculating Metal;Floymouth;France;redundant;../fake-data/blob/hipster.png;image/png;81011;HDD;Sleek Beauty Auto Loan Account;deposit;extend Unbranded Fresh Pants Tools
10;Practical North Dakota;"<)0z'N@[Up`2.,9^";285.802.0083 x35135;compress lavender Investment Account;backing up;South Hankmouth;Peru;Metal Frozen;../fake-data/blob/hipster.png;image/png;96953;card Licensed Cotton Ball;mindshare Gorgeous;Chips;navigating
